Index,X Axis,ONOISE,INOISE
1,1.0000000000000002,5.190504145199681E-4,3.516735419490453E-10
2,1.0232929922807543,5.063662291033758E-4,3.430796276084924E-10
3,1.0471285480508996,4.939925096483414E-4,3.346960639558349E-10
4,1.0715193052376064,4.819216453370497E-4,3.265176944393474E-10
5,1.096478196143185,4.7014621220503063E-4,3.185394890982069E-10
6,1.1220184543019633,4.586589685357816E-4,3.107565414504992E-10
7,1.1481536214968826,4.474528503806903E-4,3.031640654578287E-10
8,1.1748975549395295,4.3652096718922793E-4,2.9575739256463857E-10
9,1.2022644346174127,4.258565975366539E-4,2.885319688104043E-10
10,1.2302687708123812,4.154531849972977E-4,2.8148335201290243E-10
11,1.2589254117941668,4.053043340488311E-4,2.746072090208042E-10
12,1.2882495516931336,3.9540380613809373E-4,2.678993130338846E-10
13,1.3182567385564068,3.8574551585043783E-4,2.613555409891835E-10
14,1.348962882591653,3.7632352707237443E-4,2.549718710114898E-10
15,1.3803842646028843,3.6713204941335757E-4,2.487443799265668E-10
16,1.4125375446227537,3.581654345442681E-4,2.426692408355719E-10
17,1.4454397707459268,3.49418172767407E-4,2.367427207491622E-10
18,1.4791083881682068,3.40884889567156E-4,2.3096117827981705E-10
19,1.5135612484362073,3.325603423211704E-4,2.25321061390942E-10
20,1.5488166189124803,3.2443941701202955E-4,2.1981890520135575E-10
21,1.5848931924611125,3.1651712513748847E-4,2.1445132984379555E-10
22,1.621810097358929,3.0878860056453826E-4,2.0921503837611113E-10
23,1.6595869074375595,3.012490965463657E-4,2.0410681474384722E-10
24,1.6982436524617432,2.9389398279610143E-4,1.9912352179295218E-10
25,1.7378008287493742,2.8671874261818547E-4,1.94262099331374E-10
26,1.7782794100389214,2.7971897011116987E-4,1.8951956223834284E-10
27,1.8197008586099819,2.7289036745944565E-4,1.8489299862016376E-10
28,1.862087136662866,2.662287422648597E-4,1.8037956801137387E-10
29,1.9054607179632455,2.5973000497004603E-4,1.7597649962014945E-10
30,1.9498445997580434,2.53390166319694E-4,1.7168109061686776E-10
31,1.9952623149688775,2.4720533490325244E-4,1.674907044647672E-10
32,2.041737944669527,2.4117171476300644E-4,1.6340276929166354E-10
33,2.089296130854037,2.352856030207552E-4,1.5941477630171515E-10
34,2.1379620895022295,2.2954338762044835E-4,1.5552427822624767E-10
35,2.18776162394955,2.2394154508068387E-4,1.5172888781268017E-10
36,2.2387211385683368,2.184766383250841E-4,1.4802627635060942E-10
37,2.2908676527677696,2.1314531457039827E-4,1.44414172234143E-10
38,2.344228815319919,2.0794430322607E-4,1.4089035955958422E-10
39,2.398832919019487,2.0287041391131138E-4,1.3745267675760086E-10
40,2.4547089156850266,1.9792053447005055E-4,1.3409901525902764E-10
41,2.511886431509576,1.9309162904103673E-4,1.3082731819347436E-10
42,2.5703957827688595,1.883807362031677E-4,1.276355791199334E-10
43,2.6302679918953773,1.8378496712951616E-4,1.2452184078859693E-10
44,2.6915348039269107,1.793015038227431E-4,1.214841939331155E-10
45,2.7542287033381614,1.749275973587705E-4,1.185207760925514E-10
46,2.8183829312644484,1.7066056620387515E-4,1.1562977046229213E-10
47,2.8840315031266,1.6649779455984778E-4,1.1280940477321323E-10
48,2.95120922666638,1.6243673073836775E-4,1.1005795019839494E-10
49,3.0199517204020103,1.5847488559544783E-4,1.073737202867135E-10
50,3.0902954325135847,1.5460983100341107E-4,1.0475506992264737E-10
51,3.162277660168373,1.5083919833462753E-4,1.0220039431165086E-10
52,3.235936569296276,1.4716067702639124E-4,9.970812799046733E-11
53,3.311311214825904,1.4357201312385748E-4,9.72767438617685E-11
54,3.3884415613920185,1.4007100792206193E-4,9.490475225251984E-11
55,3.467368504525309,1.36655516586017E-4,9.259069999548956E-11
56,3.548133892335747,1.3332344684528454E-4,9.033316953332995E-11
57,3.6307805477010056,1.300727576941167E-4,8.813077804467796E-11
58,3.7153522909717167,1.269014581396608E-4,8.598217659173032E-11
59,3.801893963205603,1.2380760596558075E-4,8.388604928876785E-11
60,3.8904514499427965,1.2078930654138842E-4,8.184111249111035E-11
61,3.981071705534963,1.1784471166308406E-4,7.98461140040021E-11
62,4.0738027780411175,1.149720183941506E-4,7.789983231093597E-11
63,4.168693834703343,1.1216946797178124E-4,7.600107582093788E-11
64,4.2657951880159155,1.0943534471733296E-4,7.41486821343466E-11
65,4.365158322401649,1.067679749767283E-4,7.234151732663165E-11
66,4.466835921509619,1.0416572608965318E-4,7.057847524980727E-11
67,4.570881896148738,1.0162700539365207E-4,6.885847685100906E-11
68,4.677351412871969,9.915025922812083E-5,6.7180469507811E-11
69,4.786300923226371,9.673397198733563E-5,6.554342637987055E-11
70,4.897788193684448,9.437666518446008E-5,6.394634577650153E-11
71,5.011872336272709,9.207689653882917E-5,6.238825053978144E-11
72,5.128613839913634,8.983325909015563E-5,6.086818744281231E-11
73,5.248074602497711,8.764438033215428E-5,5.938522660276168E-11
74,5.3703179637025125,8.550892136946344E-5,5.793846090832034E-11
75,5.49540873857623,8.342557608912535E-5,5.652700546122255E-11
76,5.623413251903474,8.139307035482429E-5,5.514999703148235E-11
77,5.754399373371552,7.941016123237511E-5,5.380659352600926E-11
78,5.888436553555872,7.74756362129667E-5,5.249597347027365E-11
79,6.025595860743559,7.558831247467977E-5,5.121733550270154E-11
80,6.165950018614802,7.374703615427881E-5,4.996989788148529E-11
81,6.309573444801912,7.195068163010932E-5,4.8752898003505235E-11
82,6.456542290346533,7.019815083668595E-5,4.756559193506426E-11
83,6.606934480075937,6.848837259042657E-5,4.640725395414472E-11
84,6.760829753919794,6.682030191914885E-5,4.5277176103904996E-11
85,6.91830970918934,6.519291943399149E-5,4.417466775713827E-11
86,7.079457843841354,6.360523069252317E-5,4.3099055191425435E-11
87,7.244359600749875,6.205626558740158E-5,4.20496811747179E-11
88,7.413102413009148,6.054507775716186E-5,4.1025904561094485E-11
89,7.58577575029181,5.9070743996652814E-5,4.0027099896442386E-11
90,7.762471166286888,5.7632363690973747E-5,3.9052657033818044E-11
91,7.943282347242785,5.622905826312454E-5,3.810198075824991E-11
92,8.128305161640961,5.485997063375161E-5,3.717449042075101E-11
93,8.317637711026679,5.352426469289117E-5,3.626961958131552E-11
94,8.51138038202373,5.222112478852822E-5,3.538681566067728E-11
95,8.709635899560771,5.09497552213923E-5,3.452553960061638E-11
96,8.91250938133742,4.970937975611565E-5,3.368526553260242E-11
97,9.120108393559061,4.8499241151237106E-5,3.286548045457041E-11
98,9.332543007969873,4.731860068426849E-5,3.206568391562908E-11
99,9.54992586021432,4.616673770259455E-5,3.1285387708506725E-11
100,9.772372209558066,4.5042949180588566E-5,3.052411556954432E-11
101,9.999999999999957,4.394654928552228E-5,2.978140288605078E-11
102,10.232929922807497,4.2876868959436606E-5,2.9056796410838867E-11
103,10.471285480508948,4.1833255506943766E-5,2.8349853983766087E-11
104,10.715193052376017,4.081507219038212E-5,2.7660144260107568E-11
105,10.9647819614318,3.982169784476292E-5,2.6987246445593887E-11
106,11.220184543019583,3.88525264932104E-5,2.6330750037949464E-11
107,11.481536214968775,3.790696697307568E-5,2.5690254574772124E-11
108,11.748975549395242,3.698444257841224E-5,2.50653693875979E-11
109,12.022644346174074,3.6084390698657775E-5,2.4455713361999312E-11
110,12.302687708123758,3.520626247864499E-5,2.3860914703568655E-11
111,12.589254117941614,3.434952248065224E-5,2.3280610709641736E-11
112,12.882495516931279,3.351364835326633E-5,2.2714447546621476E-11
113,13.182567385564008,3.269813051328276E-5,2.2162080032763192E-11
114,13.489628825916471,3.190247183210331E-5,2.1623171426287674E-11
115,13.803842646028782,3.11261873291836E-5,2.109739321869156E-11
116,14.125375446227475,3.0368803877469217E-5,2.058442493312655E-11
117,14.454397707459204,2.96298599115034E-5,2.008395392772389E-11
118,14.791083881682,2.8908905141504166E-5,1.959567520374177E-11
119,15.135612484362007,2.820550028276128E-5,1.9119291218417928E-11
120,15.488166189124735,2.751921678062052E-5,1.865451170241155E-11
121,15.848931924611055,2.6849636552350954E-5,1.8201053481721615E-11
122,16.21810097358922,2.6196351725519767E-5,1.7758640303972246E-11
123,16.59586907437552,2.5558964393031933E-5,1.7327002668957396E-11
124,16.982436524617356,2.4937086365925393E-5,1.6905877663340323E-11
125,17.378008287493664,2.433033893488706E-5,1.6495008799406245E-11
126,17.782794100389133,2.373835264159273E-5,1.6094145857768005E-11
127,18.197008586099738,2.316076704758741E-5,1.570304473392824E-11
128,18.620871366628574,2.2597230517361124E-5,1.532146728860319E-11
129,19.054607179632367,2.2047399999513456E-5,1.4949181201715624E-11
130,19.498445997580347,2.151094081924357E-5,1.4585959829967072E-11
131,19.952623149688687,2.0987526470657103E-5,1.42315820679013E-11
132,20.41737944669518,2.047683841977462E-5,1.3885832212373468E-11
133,20.892961308540276,1.997856590541072E-5,1.3548499830341283E-11
134,21.3796208950222,1.949240575274589E-5,1.3219379629896502E-11
135,21.877616239495403,1.9018062184279413E-5,1.2898271334457558E-11
136,22.38721138568327,1.8555246640174136E-5,1.2584979560045452E-11
137,22.9086765276776,1.810367760282963E-5,1.2279313695567171E-11
138,23.442288153199087,1.7663080421430823E-5,1.1981087786033176E-11
139,23.98832919019476,1.723318714602535E-5,1.1690120418636591E-11
140,24.54708915685016,1.681373636263088E-5,1.1406234611624066E-11
141,25.11886431509565,1.6404473032863443E-5,1.1129257705889653E-11
142,25.70395782768848,1.6005148339043404E-5,1.0859021259225079E-11
143,26.302679918953658,1.561551953000696E-5,1.0595360943161061E-11
144,26.915348039268988,1.5235349774506704E-5,1.0338116442336034E-11
145,27.542287033381495,1.4864408014821648E-5,1.0087131356330556E-11
146,28.18382931264436,1.45024688258311E-5,9.842253103906595E-12
147,28.840315031265877,1.4149312276824046E-5,9.603332829592794E-12
148,29.512092266663668,1.3804723797702898E-5,9.37022531255824E-12
149,30.19951720401997,1.346849404710936E-5,9.142788877718508E-12
150,30.902954325135706,1.3140418784473148E-5,8.920885309019147E-12
151,31.62277660168359,1.282029874458472E-5,8.704379764843421E-12
152,32.35936569296262,1.2507939517074144E-5,8.49314069549186E-12
153,33.11311214825889,1.2203151426391417E-5,8.28703976268319E-12
154,33.884415613920034,1.1905749415986155E-5,8.085951761026638E-12
155,34.67368504525293,1.1615552935589825E-5,7.88975454141767E-12
156,35.48133892335731,1.133238583068489E-5,7.698328936309666E-12
157,36.30780547700989,1.1056076235229554E-5,7.511558686815641E-12
158,37.153522909717005,1.0786456465957661E-5,7.329330371595195E-12
159,38.01893963205586,1.052336292034767E-5,7.151533337482796E-12
160,38.9045144994278,1.0266635976570604E-5,6.978059631814752E-12
161,39.81071705534945,1.0016119896620075E-5,6.8088039364131785E-12
162,40.73802778041099,9.771662730144285E-6,6.643663503186388E-12
163,41.68693834703325,9.533116222789964E-6,6.482538091305953E-12
164,42.65795188015897,9.300335725362741E-6,6.325329905921976E-12
165,43.65158322401629,9.073180104839382E-6,6.171943538378588E-12
166,44.668359215096004,8.851511659534095E-6,6.022285907893137E-12
167,45.70881896148718,8.635196034586335E-6,5.876266204662996E-12
168,46.77351412871949,8.424102139793172E-6,5.733795834365122E-12
169,47.8630092322635,8.21810207008157E-6,5.594788364014137E-12
170,48.97788193684428,8.01707102771514E-6,5.459159469145674E-12
171,50.118723362726875,7.820887245673618E-6,5.3268268822924385E-12
172,51.28613839913613,7.629431914434972E-6,5.1977103427213885E-12
173,52.48074602497689,7.44258910871699E-6,5.071731547401038E-12
174,53.70317963702489,7.2602457180222876E-6,4.948814103168762E-12
175,54.954087385762065,7.082291376789E-6,4.8288834800687054E-12
176,56.2341325190345,6.908618398187034E-6,4.711866965831579E-12
177,57.54399373371528,6.739121708354853E-6,4.597693621468356E-12
178,58.88436553555847,6.573698782470818E-6,4.4862942379506025E-12
179,60.255958607435346,6.412249583039781E-6,4.377601293950743E-12
180,61.65950018614778,6.254676498640101E-6,4.271548914616403E-12
181,63.09573444801888,6.10088428556281E-6,4.168072831353321E-12
182,64.56542290346509,5.950780009152697E-6,4.067110342592302E-12
183,66.06934480075913,5.804272988646E-6,3.968600275515938E-12
184,67.60829753919768,5.661274741553828E-6,3.872482948721663E-12
185,69.18309709189315,5.52169893071044E-6,3.778700135798218E-12
186,70.79457843841327,5.385461311979975E-6,3.687195029793085E-12
187,72.44359600749847,5.252479683687623E-6,3.5979122085490655E-12
188,74.1310241300912,5.1226738367214676E-6,3.510797600888794E-12
189,75.85775750291782,4.995965507130508E-6,3.4257984536262775E-12
190,77.6247116628686,4.872278328027435E-6,3.3428632993853717E-12
191,79.43282347242757,4.751537785083283E-6,3.2619419252052164E-12
192,81.28305161640932,4.633671170651645E-6,3.1829853419135947E-12
193,83.17637711026649,4.5186075413472415E-6,3.1059457542491473E-12
194,85.11380382023702,4.406277675283941E-6,3.0307765317143455E-12
195,87.09635899560743,4.29661403079418E-6,2.9574321801411334E-12
196,89.1250938133739,4.1895507066442645E-6,2.8858683139519232E-12
197,91.2010839355903,4.085023402609137E-6,2.8160416290987816E-12
198,93.32543007969842,3.982969381707725E-6,2.747909876664331E-12
199,95.49925860214289,3.883327433073073E-6,2.6814318371080736E-12
200,97.72372209558034,3.7860378362049937E-6,2.6165672951423464E-12
201,99.99999999999925,3.6910423255809566E-6,2.55327701522253E-12
202,102.32929922807465,3.5982840568801093E-6,2.491522717636414E-12
203,104.71285480508917,3.5077075738001723E-6,2.431267055178092E-12
204,107.15193052375983,3.4192587759047016E-6,2.372473590392036E-12
205,109.64781961431767,3.332884887390232E-6,2.3151067733734495E-12
206,112.20184543019549,3.248534426606196E-6,2.2591319201112053E-12
207,114.8153621496874,3.1661571766289562E-6,2.204515191360137E-12
208,117.48975549395205,3.085704156702914E-6,2.151223572029719E-12
209,120.22644346174036,3.007127594394805E-6,2.099224851076455E-12
210,123.0268770812372,2.9303808986053858E-6,2.0484876018877095E-12
211,125.89254117941573,2.8554186336171083E-6,1.9989811631448983E-12
212,128.82495516931237,2.7821964936163707E-6,1.9506756201543184E-12
213,131.82567385563968,2.7106712781689208E-6,1.9035417866341935E-12
214,134.8962882591643,2.640800868606875E-6,1.8575511869467395E-12
215,138.03842646028738,2.5725442049379613E-6,1.8126760387643747E-12
216,141.25375446227432,2.5058612635347855E-6,1.7688892361594511E-12
217,144.5439770745916,2.4407130358072086E-6,1.726164333107128E-12
218,147.91083881681956,2.377061507367958E-6,1.6844755273912894E-12
219,151.35612484361963,2.3148696379272583E-6,1.6437976449036491E-12
220,154.8816618912469,2.2541013418983587E-6,1.6041061243264067E-12
221,158.48931924611006,2.194721469596893E-6,1.565377002189066E-12
222,162.18100973589168,2.1366957895127024E-6,1.5275868982902898E-12
223,165.95869074375472,2.079990970488198E-6,1.4907130014758333E-12
224,169.82436524617302,2.024574565235081E-6,1.4547330557638443E-12
225,173.78008287493608,1.970414994026658E-6,1.4196253468090482E-12
226,177.82794100389077,1.9174815290521023E-6,1.38536868869752E-12
227,181.9700858609968,1.8657442795208753E-6,1.3519424110639508E-12
228,186.20871366628515,1.815174176976338E-6,1.3193263465235226E-12
229,190.54607179632308,1.7657429614408453E-6,1.2875008184107018E-12
230,194.98445997580285,1.717423167851189E-6,1.2564466288174412E-12
231,199.52623149688623,1.6701881130490854E-6,1.2261450469234531E-12
232,204.17379446695116,1.624011882993514E-6,1.1965777976114411E-12
233,208.9296130854021,1.5788693207515324E-6,1.1677270503602905E-12
234,213.79620895022134,1.5347360143895037E-6,1.1395754084094306E-12
235,218.77616239495333,1.4915882856224718E-6,1.1121058981877449E-12
236,223.872113856832,1.449403178219577E-6,1.0853019590005522E-12
237,229.08676527677528,1.4081584472530948E-6,1.059147432968344E-12
238,234.42288153199013,1.3678325479398718E-6,1.0336265552111344E-12
239,239.8832919019469,1.328404625107176E-6,1.0087239442724013E-12
240,245.47089156850083,1.2898545023391755E-6,9.84424592776779E-13
241,251.18864315095573,1.2521626713878097E-6,9.607138583157687E-13
242,257.039578276884,1.2153102815631227E-6,9.375774545559035E-13
243,263.0267991895358,1.1792791288698914E-6,9.150014425639295E-13
244,269.1534803926891,1.1440516451496758E-6,8.929722223436925E-13
245,275.4228703338141,1.1096108868582231E-6,8.714765245795579E-13
246,281.8382931264428,1.0759405237774228E-6,8.505014025813094E-13
247,288.40315031265794,1.043024827125635E-6,8.300342244256206E-13
248,295.1209226666358,1.01084865746826E-6,8.100626652892651E-13
249,301.9951720401988,9.793974520607623E-7,7.905746999694052E-13
250,309.0295432513562,9.486572115642306E-7,7.715585955863731E-13
251,316.227766016835,9.186144864378781E-7,7.530029044644841E-13
252,323.5936569296253,8.892563623260308E-7,7.348964571865418E-13
253,331.13112148258807,8.605704449545031E-7,7.172283558177768E-13
254,338.8441561391994,8.325448442397452E-7,6.99987967295091E-13
255,346.7368504525284,8.051681574648487E-7,6.831649169775539E-13
256,354.81338923357214,7.784294517684274E-7,6.667490823542268E-13
257,363.07805477009794,7.523182456241482E-7,6.50730586905462E-13
258,371.53522909716906,7.268244895563753E-7,6.350997941139205E-13
259,380.1893963205576,7.019385458050387E-7,6.198473016216554E-13
260,389.0451449942769,6.776511671807319E-7,6.049639355297563E-13
261,398.10717055349346,6.539534750451299E-7,5.904407448368732E-13
262,407.3802778041088,6.308369364424732E-7,5.762689960135063E-13
263,416.8693834703314,6.082933402982087E-7,5.624401677085322E-13
264,426.57951880158856,5.863147730447425E-7,5.489459455848211E-13
265,436.5158322401618,5.648935934271837E-7,5.35778217280767E-13
266,446.6835921509588,5.44022406814795E-7,5.229290674947297E-13
267,457.08818961487066,5.236940389664843E-7,5.103907731891987E-13
268,467.73514128719364,5.039015095146713E-7,4.981557989120037E-13
269,478.6300923226337,4.846380050980509E-7,4.862167922315298E-13
270,489.77881936844136,4.658968525399827E-7,4.745665792832228E-13
271,501.18723362726735,4.4767149205277936E-7,4.63198160424661E-13
272,512.8613839913597,4.2995545066273613E-7,4.5210470599653543E-13
273,524.8074602497674,4.1274231613995627E-7,4.412795521869574E-13
274,537.0317963702473,3.9602571147964706E-7,4.3071619699656847E-13
275,549.540873857619,3.797992701888647E-7,4.2040829630199173E-13
276,562.3413251903434,3.6405661260893536E-7,4.1034966001522337E-13
277,575.4399373371512,3.487913233641872E-7,4.0053424833662445E-13
278,588.843655355583,3.339969301729043E-7,3.909561680992232E-13
279,602.5595860743516,3.196668842138186E-7,3.816096692021036E-13
280,616.5950018614758,3.0579454215053575E-7,3.724891411307022E-13
281,630.9573444801866,2.9237315001528043E-7,3.6358910956189305E-13
282,645.6542290346488,2.7939582903805813E-7,3.5490423305179294E-13
283,660.693448007589,2.6685556356401875E-7,3.464292998042643E-13
284,676.0829753919746,2.5474519115059817E-7,3.3815922451814685E-13
285,691.8309709189291,2.4305739484900625E-7,3.3008904531130095E-13
286,707.9457843841303,2.317846978154845E-7,3.222139207195837E-13
287,724.4359600749822,2.209194601612011E-7,3.145291267689217E-13
288,741.3102413009095,2.104538781163966E-7,3.07030054118742E-13
289,758.5775750291755,2.0037998540896905E-7,2.997122052749057E-13
290,776.2471166286832,1.9068965682443098E-7,2.9257119187063067E-13
291,794.3282347242729,1.8137461386992316E-7,2.8560273201353534E-13
292,812.8305161640905,1.7242643240826783E-7,2.788026476973709E-13
293,831.763771102662,1.638365521360276E-7,2.7216686227675337E-13
294,851.138038202367,1.55596287795681E-7,2.6569139800339825E-13
295,870.9635899560709,1.4769684188398027E-7,2.5937237362235285E-13
296,891.2509381337356,1.4012931875214806E-7,2.5320600202676103E-13
297,912.0108393558996,1.3288473986854806E-7,2.471885879697338E-13
298,933.2543007969806,1.2595406005720198E-7,2.413165258319305E-13
299,954.9925860214252,1.1932818451819162E-7,2.355862974434927E-13
300,977.2372209557997,1.1299798642989399E-7,2.299944699590097E-13
301,999.9999999999887,1.0695432493258444E-7,2.245376937842193E-13
302,1023.2929922807425,1.0118806329418845E-7,2.1921270055317714E-13
303,1047.1285480508875,9.569008709741967E-8,2.1401630115465257E-13
304,1071.5193052375942,9.045132224169868E-8,2.089453838066122E-13
305,1096.4781961431725,8.54627526169793E-8,2.0399691217748092E-13
306,1122.0184543019504,8.071543729171743E-8,1.9916792355327347E-13
307,1148.1536214968694,7.62005270788021E-8,1.9445552704919464E-13
308,1174.8975549395159,7.190928035709118E-8,1.8985690186484755E-13
309,1202.2644346173988,6.783307804876371E-8,1.8536929558187375E-13
310,1230.2687708123674,6.396343765897269E-8,1.809900225030162E-13
311,1258.9254117941528,6.029202630537737E-8,1.7671646203162504E-13
312,1288.249551693119,5.6810672685175056E-8,1.725460570905747E-13
313,1318.2567385563918,5.351137793375945E-8,1.6847631257965213E-13
314,1348.962882591638,5.038632535562376E-8,1.645047938705131E-13
315,1380.3842646028688,4.7427889005413375E-8,1.6062912533818257E-13
316,1412.5375446227376,4.462864112878431E-8,1.5684698892835786E-13
317,1445.4397707459104,4.198135847238043E-8,1.5315612275951882E-13
318,1479.1083881681898,3.9479027481012E-8,1.4955431975908838E-13
319,1513.56124843619,3.711484842160976E-8,1.4603942633269924E-13
320,1548.8166189124627,3.4882238469248336E-8,1.4260934106590065E-13
321,1584.8931924610943,3.277483379950946E-8,1.3926201345739926E-13
322,1621.8100973589103,3.0786490746550156E-8,1.3599544268315337E-13
323,1659.5869074375403,2.8911286075186028E-8,1.3280767639046086E-13
324,1698.2436524617235,2.71435164318836E-8,1.2969680952143078E-13
325,1737.8008287493542,2.547769703407022E-8,1.2666098316506756E-13
326,1778.279410038901,2.390855966100716E-8,1.2369838343721225E-13
327,1819.7008586099612,2.2431050009882492E-8,1.208072403877914E-13
328,1862.0871366628446,2.104032447994001E-8,1.179858269345967E-13
329,1905.4607179632237,1.973174644646844E-8,1.152324578229749E-13
330,1949.8445997580213,1.8500882085842217E-8,1.1254548861087912E-13
331,1995.262314968855,1.73434958085682E-8,1.0992331467850041E-13
332,2041.7379446695043,1.6255545357844938E-8,1.0736437026207039E-13
333,2089.296130854014,1.523317662575806E-8,1.0486712751106922E-13
334,2137.962089502206,1.4272718237547914E-8,1.0243009556842774E-13
335,2187.7616239495255,1.3370675951254603E-8,1.0005181967301601E-13
336,2238.721138568312,1.2523726916349499E-8,9.773088028401616E-14
337,2290.867652767745,1.1728713831824161E-8,9.546589222651905E-14
338,2344.2288153198933,1.0982639040674367E-8,9.325550385792341E-14
339,2398.832919019461,1.0282658595084511E-8,9.109839625459241E-14
340,2454.7089156849997,9.62607632257254E-9,8.899328241823831E-14
341,2511.886431509549,9.010337920642967E-9,8.69389065016538E-14
342,2570.395782768832,8.433025104674298E-9,8.493404305321463E-14
343,2630.267991895349,7.891849830274654E-9,8.29774962797501E-14
344,2691.5348039268824,7.384648609335998E-9,8.106809932731953E-14
345,2754.228703338132,6.909376936129257E-9,7.920471357948983E-14
346,2818.382931264419,6.464103837001429E-9,7.738622797262223E-14
347,2884.03150312657,6.047006555896431E-9,7.561155832782613E-14
348,2951.2092266663485,5.6563653850890936E-9,7.387964669912038E-14
349,3019.9517204019785,5.290558648949406E-9,7.218946073744774E-14
350,3090.2954325135515,4.948057846910159E-9,7.053999307012692E-14
351,3162.2776601683395,4.627422959975985E-9,6.893026069537812E-14
352,3235.9365692962415,4.327297924124435E-9,6.735930439156113E-14
353,3311.3112148258692,4.046406272174601E-9,6.582618814073852E-14
354,3388.4415613919823,3.7835469450456825E-9,6.432999856629061E-14
355,3467.3685045252723,3.5375902720235635E-9,6.286984438413313E-14
356,3548.1338923357093,3.3074741189641748E-9,6.144485586728726E-14
357,3630.780547700967,3.092200202491621E-9,6.00541843234513E-14
358,3715.352290971678,2.8908305676853355E-9,5.869700158525199E-14
359,3801.8939632055635,2.702484226113494E-9,5.73724995128847E-14
360,3890.451449942756,2.5263339506735036E-9,5.607988950881551E-14
361,3981.0717055349214,2.3616032232998225E-9,5.4818402044265305E-14
362,4073.802778041075,2.2075633312169865E-9,5.3587286197210485E-14
363,4168.6938347033,2.0635306072872937E-9,5.238580920157738E-14
364,4265.795188015872,1.928863809683611E-9,5.121325600738278E-14
365,4365.158322401603,1.802961636090595E-9,5.006892885156928E-14
366,4466.835921509573,1.6852603674673819E-9,4.8952146839239154E-14
367,4570.881896148691,1.5752316364023477E-9,4.786224553505848E-14
368,4677.351412871921,1.4723803150509402E-9,4.679857656458162E-14
369,4786.300923226321,1.3762425176666412E-9,4.576050722524953E-14
370,4897.788193684399,1.2863837127972798E-9,4.47474201068279E-14
371,5011.872336272658,1.2023969402544607E-9,4.375871272105296E-14
372,5128.6138399135825,1.1239011280694635E-9,4.2793797140278336E-14
373,5248.074602497658,1.0505395047582905E-9,4.185209964486987E-14
374,5370.317963702458,9.819781023078785E-10,4.093306037917574E-14
375,5495.408738576175,9.179043454391669E-10,4.0036133015827555E-14
376,5623.413251903418,8.580257228374765E-10,3.916078442820472E-14
377,5754.399373371494,8.020685361748519E-10,3.830649437082234E-14
378,5888.436553555813,7.497767228941296E-10,3.7472755167488795E-14
379,6025.5958607434995,7.009107488859371E-10,3.6659071407033126E-14
380,6165.950018614741,6.552465673219756E-10,3.5864959646401835E-14
381,6309.57344480185,6.125746400715134E-10,3.508994812094682E-14
382,6456.5422903464705,5.726990182773342E-10,3.4333576461775026E-14
383,6606.934480075874,5.354364788154147E-10,3.3595395419924524E-14
384,6760.829753919729,5.006157135081937E-10,3.287496659723363E-14
385,6918.309709189274,4.680765681082994E-10,3.217186218375542E-14
386,7079.4578438412855,4.376693282136457E-10,3.1485664701517094E-14
387,7244.3596007498045,4.0925404940851303E-10,3.0815966754506337E-14
388,7413.102413009076,3.8269992906064437E-10,3.016237078472595E-14
389,7585.775750291737,3.578847173400166E-10,2.952448883414614E-14
390,7762.471166286814,3.346941651387131E-10,2.890194231244547E-14
391,7943.282347242709,3.130215067065924E-10,2.829436177036857E-14
392,8128.305161640883,2.927669749232205E-10,2.7701386678596277E-14
393,8317.637711026598,2.738373472441251E-10,2.7122665211968738E-14
394,8511.38038202365,2.561455204653246E-10,2.6557854038927254E-14
395,8709.635899560688,2.396101125518499E-10,2.6006618116081445E-14
396,8912.509381337335,2.2415508987480642E-10,2.546863048774702E-14
397,9120.108393558974,2.0970941829678856E-10,2.4943572090336024E-14
398,9332.543007969784,1.9620673663143475E-10,2.4431131561506385E-14
399,9549.92586021423,1.8358505108973173E-10,2.3931005053920824E-14
400,9772.372209557974,1.7178644940692783E-10,2.3442896053521702E-14
401,9999.999999999862,1.607568334183057E-10,2.2966515202227316E-14
402,10232.929922807401,1.5044566892757525E-10,2.2501580124896966E-14
403,10471.28548050885,1.408057517768864E-10,2.204781526051926E-14
404,10715.193052375915,1.31792989097162E-10,2.1604951697467692E-14
405,10964.781961431696,1.2336619477437973E-10,2.117272701276884E-14
406,11220.184543019477,1.1548689822974493E-10,2.0750885115245957E-14
407,11481.536214968668,1.0811916566416984E-10,2.033917609248177E-14
408,11748.975549395132,1.012294329704777E-10,1.9937356061472047E-14
409,12022.644346173962,9.478634956558029E-11,1.9545187022916884E-14
410,12302.687708123643,8.876063244199196E-11,1.916243671902453E-14
411,12589.254117941495,8.312492977945214E-11,1.878887849477641E-14
412,12882.49551693116,7.785369350101779E-11,1.842429116254413E-14
413,13182.567385563885,7.292306019514854E-11,1.8068458869983756E-14
414,13489.628825916345,6.83107398612772E-11,1.772117097114353E-14
415,13803.84264602865,6.399591197227287E-11,1.7382221900687058E-14
416,14125.37544622734,5.99591283775652E-11,1.7051411051158468E-14
417,14454.397707459066,5.6182222601570975E-11,1.6728542653231443E-14
418,14791.08388168186,5.2648225120931133E-11,1.6413425658851237E-14
419,15135.612484361862,4.9341284229644595E-11,1.6105873627217984E-14
420,15488.16618912459,4.6246592127066296E-11,1.580570461351996E-14
421,15848.931924610904,4.335031588678582E-11,1.5512741060371185E-14
422,16218.100973589064,4.063953298648089E-11,1.522680969187512E-14
423,16595.869074375365,3.810217109919955E-11,1.4947741410263104E-14
424,16982.436524617195,3.5726951866659914E-11,1.4675371195023437E-14
425,17378.0082874935,3.350333839221345E-11,1.4409538004486006E-14
426,17782.79410038897,3.142148620894244E-11,1.4150084679785702E-14
427,18197.008586099568,2.947219749373253E-11,1.3896857851159583E-14
428,18620.871366628402,2.7646878313675645E-11,1.3649707846498282E-14
429,19054.607179632192,2.5937498704267713E-11,1.3408488602141673E-14
430,19498.445997580166,2.433655539272968E-11,1.3173057575805547E-14
431,19952.6231496885,2.2837036991531255E-11,1.2943275661639829E-14
432,20417.37944669499,2.143239149890684E-11,1.2719007107338163E-14
433,20892.961308540085,2.011649595355531E-11,1.2500119433253525E-14
434,21379.620895022003,1.8883628101152315E-11,1.2286483353479278E-14
435,21877.616239495197,1.7728439939219742E-11,1.2077972698845951E-14
436,22387.21138568306,1.6645933016072475E-11,1.1874464341776286E-14
437,22908.676527677384,1.563143536753919E-11,1.1675838122968293E-14
438,23442.288153198864,1.4680579982712843E-11,1.148197677985876E-14
439,23988.329190194538,1.3789284697524199E-11,1.129276587681359E-14
440,24547.08915684993,1.295373342121985E-11,1.1108093737019933E-14
441,25118.86431509542,1.217035860738388E-11,1.0927851376027925E-14
442,25703.957827688246,1.1435824886770907E-11,1.0751932436899692E-14
443,26302.679918953418,1.074701378493493E-11,1.0580233126943744E-14
444,26915.34803926875,1.0101009452496718E-11,1.0412652155974238E-14
445,27542.287033381243,9.495085340797256E-12,1.0249090676073647E-14
446,28183.829312644106,8.926691760186215E-12,1.0089452222824212E-14
447,28840.315031265614,8.393444262222045E-12,9.933642657951168E-15
448,29512.092266663403,7.893112791096373E-12,9.781570113384425E-15
449,30199.5172040197,7.423611553146386E-12,9.633144936651539E-15
450,30902.95432513543,6.982989556688429E-12,9.488279637625139E-15
451,31622.776601683305,6.569421777706085E-12,9.346888836549083E-15
452,32359.36569296232,6.18120090974854E-12,9.208889213330993E-15
453,33113.112148258595,5.816729659222638E-12,9.074199458077843E-15
454,33884.41561391972,5.4745135498476036E-12,8.942740222831435E-15
455,34673.68504525262,5.153154202445648E-12,8.814434074477104E-15
456,35481.33892335699,4.851343058476811E-12,8.689205448804281E-15
457,36307.80547700956,4.5678555178554316E-12,8.566980605690656E-15
458,37153.52290971667,4.3015454635182115E-12,8.447687585374749E-15
459,38018.93963205552,4.0513401470837995E-12,8.331256165803748E-15
460,38904.51449942744,3.816235411595182E-12,8.217617821012287E-15
461,39810.71705534909,3.5952912290030768E-12,8.106705680537255E-15
462,40738.02778041062,3.3876275314923083E-12,7.998454489813156E-15
463,41686.93834703287,3.192420317145077E-12,7.892800571539035E-15
464,42657.95188015858,3.008898011763103E-12,7.789681788004672E-15
465,43651.58322401589,2.8363380698362985E-12,7.689037504328358E-15
466,44668.359215095596,2.6740637988374746E-12,7.590808552605385E-15
467,45708.81896148677,2.5214413920140484E-12,7.494937196945404E-15
468,46773.51412871907,2.377877155887319E-12,7.401367099357336E-15
469,47863.009232263066,2.2428149195451258E-12,7.310043286494811E-15
470,48977.88193684384,2.1157336137116956E-12,7.220912117203052E-15
471,50118.72336272643,1.9961450083447564E-12,7.133921250894745E-15
472,51286.13839913566,1.8835915982865747E-12,7.049019616687525E-15
473,52480.74602497642,1.7776446271720274E-12,6.9661573833231405E-15
474,53703.17963702441,1.677902240463671E-12,6.8852859298298295E-15
475,54954.08738576157,1.583987759070626E-12,6.806357816924849E-15
476,56234.13251903401,1.4955480656089336E-12,6.729326759124049E-15
477,57543.993733714764,1.412252095857259E-12,6.6541475975530575E-15
478,58884.36553555795,1.3337894284668147E-12,6.58077627345261E-15
479,60255.9586074348,1.2598689664634122E-12,6.509169802338449E-15
480,61659.50018614722,1.190217704478792E-12,6.439286248824132E-15
481,63095.734448018295,1.1245795760674077E-12,6.3710847020855606E-15
482,64565.4229034645,1.0627143758526933E-12,6.304525251942108E-15
483,66069.34480075852,1.0043967515635489E-12,6.239568965559645E-15
484,67608.29753919707,9.494152613752732E-13,6.17617786474586E-15
485,69183.09709189252,8.975714922670791E-13,6.114314903837187E-15
486,70794.57843841263,8.48679235387281E-13,6.053943948154972E-15
487,72443.59600749782,8.025637146830624E-13,5.9950297530274004E-15
488,74131.02413009053,7.590608653175258E-13,5.937537943357976E-15
489,75857.75750291713,7.18016658590302E-13,5.881434993736531E-15
490,77624.71166286789,6.792864703366053E-13,5.826688209077643E-15
491,79432.82347242684,6.427344899538274E-13,5.773265705771924E-15
492,81283.05161640859,6.082331673967865E-13,5.7211363933529866E-15
493,83176.37711026572,5.756626956670467E-13,5.67026995665919E-15
494,85113.80382023624,5.44910526478294E-13,5.620636838475137E-15
495,87096.35899560661,5.158709169311534E-13,5.572208222668021E-15
496,89125.09381337305,4.884445051866587E-13,5.5249560177779876E-15
497,91201.08393558944,4.625379132357909E-13,5.478852841084862E-15
498,93325.43007969753,4.3806337501807083E-13,5.433872003118758E-15
499,95499.25860214197,4.1493838823447643E-13,5.389987492618338E-15
500,97723.7220955794,3.930853883117842E-13,5.347173961935706E-15
501,99999.9999999983,3.7243144309394357E-13,5.305406712857731E-15
502,102329.29922807367,3.529079669075698E-13,5.2646616828708545E-15
503,104712.85480508815,3.344504527486953E-13,5.224915431828602E-15
504,107151.9305237588,3.1699822142380276E-13,5.1861451290424224E-15
505,109647.81961431661,3.0049418654414576E-13,5.148328540768238E-15
506,112201.84543019441,2.848846343538417E-13,5.111444018109151E-15
507,114815.36214968629,2.7011901743449066E-13,5.075470485299626E-15
508,117489.75549395091,2.561497613906328E-13,5.040387428390344E-15
509,120226.4434617392,2.429320836850165E-13,5.006174884320922E-15
510,123026.877081236,2.304238238386466E-13,4.9728134303650626E-15
511,125892.54117941452,2.1858528427035323E-13,4.940284173969194E-15
512,128824.95516931114,2.0737908109016673E-13,4.908568742957615E-15
513,131825.6738556384,1.9677000421003736E-13,4.877649276114672E-15
514,134896.288259163,1.867248861791365E-13,4.847508414136894E-15
515,138038.42646028605,1.7721247918183206E-13,4.818129290949162E-15
516,141253.75446227295,1.682033396787721E-13,4.789495525398909E-15
517,144543.9770745902,1.5966972020845198E-13,4.761591213293992E-15
518,147910.8388168181,1.5158546788626463E-13,4.734400919829896E-15
519,151356.12484361813,1.4392592918134132E-13,4.70790967235504E-15
520,154881.66189124537,1.3666786056963143E-13,4.682102953518451E-15
521,158489.31924610853,1.297893446931118E-13,4.656966694760209E-15
522,162181.0097358901,1.2326971167352025E-13,4.632487270183279E-15
523,165958.69074375313,1.1708946525781635E-13,4.608651490774249E-15
524,169824.36524617142,1.1123021348850809E-13,4.585446598992791E-15
525,173780.08287493445,1.0567460361494221E-13,4.562860263732398E-15
526,177827.94100388914,1.004062609779174E-13,4.540880575632736E-15
527,181970.0858609951,9.540973161735574E-14,4.519496042788424E-15
528,186208.71366628344,9.067042837150557E-14,4.4986955868007165E-15
529,190546.0717963213,8.617458024684817E-14,4.478468539229624E-15
530,194984.45997580103,8.190918485488094E-14,4.458804638412684E-15
531,199526.23149688437,7.78619637250168E-14,4.439694026668235E-15
532,204173.79446694927,7.40213203127428E-14,4.421127247900042E-15
533,208929.61308540017,7.037630053668507E-14,4.403095245582634E-15
534,213796.20895021936,6.691655568729059E-14,4.385589361152149E-15
535,218776.1623949513,6.36323075584235E-14,4.3686013327964715E-15
536,223872.1138568299,6.051431566623427E-14,4.352123294679594E-15
537,229086.76527677313,5.755384642539377E-14,4.336147776562382E-15
538,234422.88153198795,5.474264416179988E-14,4.320667703860167E-15
539,239883.29190194467,5.207290384843999E-14,4.305676398145208E-15
540,245470.89156849857,4.953724545899481E-14,4.291167578086369E-15
541,251188.64315095343,4.7128689839807555E-14,4.277135360847374E-15
542,257039.5782768817,4.484063600654814E-14,4.263574263952769E-15
543,263026.7991895334,4.2666839779207814E-14,4.250479207631344E-15
544,269153.4803926867,4.060139367337953E-14,4.237845517645538E-15
545,275422.8703338116,3.863870797117441E-14,4.225668928630943E-15
546,281838.2931264402,3.6773492900391215E-14,4.213945587935765E-15
547,288403.1503126553,3.500074185425453E-14,4.2026720600088594E-15
548,295120.92266663315,3.3315715589138905E-14,4.191845331310755E-15
549,301995.1720401961,3.1713927340736684E-14,4.181462815799984E-15
550,309029.5432513534,3.0191128803711206E-14,4.171522360981802E-15
551,316227.76601683215,2.8743296922334705E-14,4.162022254557275E-15
552,323593.6569296223,2.7366621443805115E-14,4.152961231675367E-15
553,331131.1214825849,2.6057493188462346E-14,4.144338482815602E-15
554,338844.15613919625,2.481249299366841E-14,4.1361536623187266E-15
555,346736.8504525252,2.3628381291594034E-14,4.128406897584041E-15
556,354813.3892335688,2.250208828287496E-14,4.121098798951208E-15
557,363078.0547700945,2.143070467068666E-14,4.114230470298654E-15
558,371535.2290971655,2.0411472922229187E-14,4.107803520371372E-15
559,380189.39632055396,1.9441779026087048E-14,4.1018200748647396E-15
560,389045.1449942732,1.851914471650449E-14,4.096282789290304E-15
561,398107.1705534897,1.7641220136859885E-14,4.091194862651144E-15
562,407380.27780410496,1.680577691640749E-14,4.086560051946421E-15
563,416869.3834703275,1.601070163649708E-14,4.082382687535707E-15
564,426579.51880158455,1.52539896628704E-14,4.078667689396934E-15
565,436515.8322401577,1.4533739323134448E-14,4.0754205842957036E-15
566,446683.59215095465,1.3848146409131101E-14,4.0726475239048765E-15
567,457088.18961486634,1.3195498985236314E-14,4.070355303900177E-15
568,467735.14128718927,1.2574172484969707E-14,4.068551384066771E-15
569,478630.0923226292,1.1982625079148823E-14,4.067243909446893E-15
570,489778.8193684368,1.1419393300094344E-14,4.066441732557436E-15
571,501187.2336272627,1.0883087906776577E-14,4.066154436722699E-15
572,512861.383991355,1.0372389977511237E-14,4.066392360542426E-15
573,524807.4602497625,9.886047216790023E-15,4.067166623535714E-15
574,537031.7963702424,9.422870464258104E-15,4.068489153003819E-15
575,549540.873857614,8.98173039408113E-15,4.07037271212895E-15
576,562341.3251903382,8.561554394176207E-15,4.072830929360771E-15
577,575439.9373371458,8.161323614732839E-15,4.075878329125467E-15
578,588843.6553555776,7.780070176733573E-15,4.0795303638723645E-15
579,602559.5860743461,7.416874531284008E-15,4.083803447524232E-15
580,616595.0018614702,7.0708629612952064E-15,4.088714990344529E-15
581,630957.344480181,6.741205217537224E-15,4.09428343525289E-15
582,645654.2290346429,6.427112281475376E-15,4.100528295647914E-15
583,660693.448007583,6.127834247892955E-15,4.107470194730635E-15
584,676082.9753919684,5.842658320436779E-15,4.115130906399552E-15
585,691830.9709189229,5.5709069140678624E-15,4.123533397705699E-15
586,707945.7843841239,5.311935858206205E-15,4.132701872929954E-15
587,724435.9600749756,5.065132695205486E-15,4.142661819280988E-15
588,741310.2413009027,4.829915068720298E-15,4.153440054240442E-15
589,758577.5750291685,4.605729197175686E-15,4.1650647745821355E-15
590,776247.1166286761,4.392048427530879E-15,4.177565607058474E-15
591,794328.2347242654,4.188371864974621E-15,4.1909736607796E-15
592,812830.5161640828,3.994223074444076E-15,4.2053215812758515E-15
593,831763.7711026542,3.809148849947622E-15,4.220643606241514E-15
594,851138.0382023591,3.632718048127562E-15,4.236975622948414E-15
595,870963.5899560628,3.464520482441306E-15,4.2543552273117514E-15
596,891250.9381337273,3.3041658747935237E-15,4.272821784567262E-15
597,912010.8393558911,3.1512828614146722E-15,4.29241649153934E-15
598,933254.3007969719,3.005518050147769E-15,4.3131824404306904E-15
599,954992.5860214165,2.8665351263139803E-15,4.335164684085422E-15
600,977237.2209557907,2.734014004582956E-15,4.3584103026361165E-15
601,999999.9999999796,2.6076500243836934E-15,4.3829684714390895E-15
602,1023292.9922807332,2.4871531865099445E-15,4.408890530210931E-15
603,1047128.5480508781,2.3722474287713763E-15,4.436230053201215E-15
604,1071519.3052375845,2.2626699385451186E-15,4.465042920287333E-15
605,1096478.1961431624,2.1581705003555314E-15,4.495387388784502E-15
606,1122018.4543019403,2.0585108765687476E-15,4.527324165804482E-15
607,1148153.6214968592,1.9634642194650634E-15,4.5609164809150556E-15
608,1174897.5549395054,1.8728145130762236E-15,4.596230158838952E-15
609,1202264.434617388,1.7863560431753943E-15,4.633333691956886E-15
610,1230268.7708123561,1.7038928939842483E-15,4.672298312202789E-15
611,1258925.4117941412,1.6252384701795726E-15,4.7131980620764875E-15
612,1288249.5516931075,1.550215042896078E-15,4.756109864319935E-15
613,1318256.7385563802,1.4786533184646527E-15,4.801113589828004E-15
614,1348962.882591626,1.410392028729709E-15,4.848292123296142E-15
615,1380384.2646028565,1.345277541801508E-15,4.8977314260613624E-15
616,1412537.5446227253,1.2831634922195247E-15,4.949520595520182E-15
617,1445439.7707458977,1.223910429507033E-15,5.003751920505588E-15
618,1479108.3881681769,1.1673854841805162E-15,5.0605209318274344E-15
619,1513561.2484361767,1.1134620503292916E-15,5.1199264472712964E-15
620,1548816.618912449,1.0620194839032719E-15,5.182070610127886E-15
621,1584893.1924610806,1.0129428159241763E-15,5.24705892034759E-15
622,1621810.0973588962,9.661224798544309E-16,5.315000257308578E-15
623,1659586.907437526,9.214540524020368E-16,5.3860068930923615E-15
624,1698243.6524617088,8.788380070979544E-16,5.4601944950904556E-15
625,1737800.8287493389,8.381794799817744E-16,5.537682116662317E-15
626,1778279.4100388852,7.993880467982345E-16,5.618592174496594E-15
627,1819700.8586099448,7.623775111238057E-16,5.703050411188985E-15
628,1862087.1366628278,7.270657028723119E-16,5.7911858415194235E-15
629,1905460.7179632066,6.933742866601331E-16,5.883130680716406E-15
630,1949844.5997580036,6.612285795389001E-16,5.979020253018735E-15
631,1995262.3149688367,6.305573776275135E-16,6.078992878620576E-15
632,2041737.9446694856,6.012927911967697E-16,6.1831897370846646E-15
633,2089296.1308539945,5.73370087787597E-16,6.291754705165804E-15
634,2137962.089502186,5.467275429615007E-16,6.404834166870893E-15
635,2187761.6239495054,5.213062983018014E-16,6.522576793615597E-15
636,2238721.1385682914,4.970502263064838E-16,6.64513329206964E-15
637,2290867.652767724,4.739058018290546E-16,6.772656117396827E-15
638,2344228.8153198715,4.518219797380642E-16,6.9052991494595725E-15
639,2398832.919019439,4.307500784929583E-16,7.043217329481863E-15
640,2454708.9156849775,4.1064366933454675E-16,7.186566254736689E-15
641,2511886.4315095255,3.91458470813437E-16,7.335501728780802E-15
642,2570395.782768808,3.731522483912997E-16,7.490179264741831E-15
643,2630267.9918953246,3.5568471886115817E-16,7.650753539326489E-15
644,2691534.8039268567,3.3901745934922846E-16,7.817377795190786E-15
645,2754228.703338106,3.2311382066494515E-16,7.990203189538531E-15
646,2818382.931264392,3.079388447896562E-16,8.169378087030205E-15
647,2884031.5031265425,2.9345918629207704E-16,8.355047295016578E-15
648,2951209.2266663206,2.7964303747941314E-16,8.547351239856611E-15
649,3019951.7204019492,2.66460057096198E-16,8.746425083050524E-15
650,3090295.432513522,2.5388130239653493E-16,8.952397776344473E-15
651,3162277.6601683088,2.4187916442064685E-16,9.16539105570949E-15
652,3235936.5692962105,2.30427306318467E-16,9.385518374284224E-15
653,3311311.214825837,2.1950060457043749E-16,9.612883775225883E-15
654,3388441.5613919497,2.0907509296030947E-16,9.847580706059142E-15
655,3467368.5045252386,1.9912790916682242E-16,1.0089690776820037E-14
656,3548133.892335675,1.8963724384529606E-16,1.03392824651979E-14
657,3630780.5477009322,1.8058229207585634E-16,1.0596409773018306E-14
658,3715352.290971642,1.7194320706464303E-16,1.086111083903352E-14
659,3801893.9632055266,1.6370105598742265E-16,1.1133406514553314E-14
660,3890451.4499427183,1.5583777787186061E-16,1.1413298909325752E-14
661,3981071.7055348824,1.4833614341959568E-16,1.1700769916507596E-14
662,4073802.778041035,1.4117971667543455E-16,1.1995779726844943E-14
663,4168693.8347032596,1.34352818453742E-16,1.2298265343481355E-14
664,4265795.18801583,1.2784049143895206E-16,1.2608139110312752E-14
665,4365158.322401561,1.2162846687985455E-16,1.2925287268143142E-14
666,4466835.921509529,1.1570313280192777E-16,1.3249568554331071E-14
667,4570881.896148646,1.1005150366564556E-16,1.3580812862928262E-14
668,4677351.412871875,1.0466119140286222E-16,1.3918819983529622E-14
669,4786300.923226274,9.952037776570062E-17,1.4263358438476588E-14
670,4897788.19368435,9.461778792779545E-17,1.4614164438831023E-14
671,5011872.336272608,8.994266527730931E-17,1.4970940980414593E-14
672,5128613.83991353,8.54847473484111E-17,1.5333357102230628E-14
673,5248074.602497605,8.12342428370352E-17,1.5701047329368155E-14
674,5370317.963702403,7.718180965158163E-17,1.6073611323166495E-14
675,5495408.738576118,7.331853395062051E-17,1.6450613760818467E-14
676,5623413.25190336,6.963591012302217E-17,1.683158446606768E-14
677,5754399.373371435,6.61258216674182E-17,1.7216018811756415E-14
678,5888436.553555753,6.278052293041814E-17,1.760337841328498E-14
679,6025595.860743437,5.959262166541108E-17,1.7993092130233195E-14
680,6165950.018614679,5.655506237517032E-17,1.838455739107102E-14
681,6309573.444801786,5.366111040412455E-17,1.8777141852825708E-14
682,6456542.2903464055,5.090433674736806E-17,1.917018540407082E-14
683,6606934.480075807,4.827860354549315E-17,1.9563002516547367E-14
684,6760829.753919661,4.577805023647443E-17,1.995488494501782E-14
685,6918309.7091892045,4.33970803363522E-17,2.0345104771859417E-14
686,7079457.843841215,4.113034882310767E-17,2.073291778685758E-14
687,7244359.600749733,3.897275009892919E-17,2.1117567187754697E-14
688,7413102.413009003,3.691940650752857E-17,2.1498287581844154E-14
689,7585775.750291661,3.4965657384639456E-17,2.1874309263160192E-14
690,7762471.166286736,3.310704862080546E-17,2.2244862734551196E-14
691,7943282.347242629,3.133932271672613E-17,2.2609183438563894E-14
692,8128305.161640802,2.965840931271281E-17,2.2966516656068798E-14
693,8317637.711026515,2.80604161742636E-17,2.331612252697074E-14
694,8511380.382023565,2.654162061712096E-17,2.3657281143455038E-14
695,8709635.899560602,2.509846135549268E-17,2.3989297662378287E-14
696,8912509.381337246,2.3727530758223378E-17,2.431150738131563E-14
697,9120108.393558882,2.242556749783439E-17,2.4623280720687037E-14
698,9332543.007969689,2.1189449578285745E-17,2.4924028053429637E-14
699,9549925.860214133,2.0016187727315523E-17,2.5213204324392836E-14
700,9772372.209557876,1.8902919139919864E-17,2.5490313402184167E-14
701,9999999.999999763,1.784690155946083E-17,2.57549121090125E-14
702,1.02329299228073E7,1.6845507683307643E-17,2.6006613877039473E-14
703,1.0471285480508748E7,1.5896219879985823E-17,2.6245091984381266E-14
704,1.071519305237581E7,1.499662520477119E-17,2.6470082328994217E-14
705,1.0964781961431589E7,1.4144410700895628E-17,2.6681385704675032E-14
706,1.1220184543019367E7,1.3337358973359019E-17,2.6878869550531365E-14
707,1.1481536214968553E7,1.2573344022356536E-17,2.7062469152362335E-14
708,1.1748975549395014E7,1.1850327323465264E-17,2.7232188282735364E-14
709,1.2022644346173842E7,1.1166354141409041E-17,2.738809927381904E-14
710,1.230268770812352E7,1.0519550064490888E-17,2.7530342526055775E-14
711,1.258925411794137E7,9.908117746611176E-18,2.7659125463384057E-14
712,1.288249551693103E7,9.330333843920877E-18,2.7774720953755456E-14
713,1.3182567385563755E7,8.78454613322418E-18,2.7877465220803804E-14
714,1.3489628825916212E7,8.269170799384559E-18,2.796775527967837E-14
715,1.3803842646028517E7,7.782689879174705E-18,2.8046045936145815E-14
716,1.4125375446227204E7,7.323648849313618E-18,2.811284639295258E-14
717,1.4454397707458928E7,6.890654346709111E-18,2.8168716512275637E-14
718,1.4791083881681718E7,6.4823720093437956E-18,2.8214262786224967E-14
719,1.5135612484361717E7,6.097524426699048E-18,2.8250134069754562E-14
720,1.548816618912444E7,5.734889189099822E-18,2.8277017131757348E-14
721,1.5848931924610753E7,5.393297025971987E-18,2.8295632080441217E-14
722,1.6218100973588908E7,5.0716300235977024E-18,2.8306727718349826E-14
723,1.6595869074375205E7,4.7688199136363754E-18,2.831107688108036E-14
724,1.698243652461703E7,4.483846424364332E-18,2.8309471810953092E-14
725,1.7378008287493333E7,4.215735687312524E-18,2.83027196146801E-14
726,1.7782794100388795E7,3.963558692735619E-18,2.8291637848940237E-14
727,1.819700858609939E7,3.726429788045654E-18,2.8277050275291537E-14
728,1.862087136662822E7,3.50350521414503E-18,2.8259782819417952E-14
729,1.9054607179632004E7,3.2939816752397337E-18,2.8240659766296018E-14
730,1.9498445997579977E7,3.0970949384728877E-18,2.822050021703418E-14
731,1.9952623149688307E7,2.91211846035318E-18,2.820011482798749E-14
732,2.0417379446694795E7,2.738362037588815E-18,2.8180302848000115E-14
733,2.0892961308539886E7,2.575170480518982E-18,2.8161849464585685E-14
734,2.13796208950218E7,2.4219223078679823E-18,2.814552346493367E-14
735,2.187761623949499E7,2.2780284620272263E-18,2.8132075213650138E-14
736,2.238721138568285E7,2.1429310445011176E-18,2.8122234944170537E-14
737,2.290867652767717E7,2.016102071510578E-18,2.8116711358356433E-14
738,2.344228815319865E7,1.8970422500727402E-18,2.8116190524241284E-14
739,2.3988329190194316E7,1.7852797751285512E-18,2.812133505974866E-14
740,2.4547089156849705E7,1.6803691484950166E-18,2.8132783587370018E-14
741,2.5118864315095186E7,1.581890020575792E-18,2.8151150443164178E-14
742,2.570395782768801E7,1.4894460558689245E-18,2.8177025621562833E-14
743,2.6302679918953177E7,1.4026638233801604E-18,2.8210974936140863E-14
744,2.6915348039268497E7,1.3211917130670573E-18,2.8253540376484113E-14
745,2.754228703338099E7,1.2446988794418342E-18,2.830524063968558E-14
746,2.818382931264385E7,1.1728742134079568E-18,2.8366571816123893E-14
747,2.8840315031265352E7,1.1054253433492124E-18,2.84380082084851E-14
748,2.951209226666313E7,1.0420776663975933E-18,2.852000326407027E-14
749,3.0199517204019416E7,9.825734107012276E-19,2.8612990600753686E-14
750,3.090295432513514E7,9.266707293957893E-19,2.871738510828517E-14
751,3.1622776601683013E7,8.741428268526443E-19,2.883358410740286E-14
752,3.2359365692962028E7,8.247771176394953E-19,2.8961968550938073E-14
753,3.311311214825829E7,7.78374418493558E-19,2.9102904251836547E-14
754,3.3884415613919415E7,7.347481734603704E-19,2.925674312563998E-14
755,3.46736850452523E7,6.937237122181295E-19,2.942382443519891E-14
756,3.548133892335666E7,6.551375414664982E-19,2.960447602836351E-14
757,3.630780547700923E7,6.188366691311438E-19,2.9799015560058316E-14
758,3.715352290971633E7,5.846779610095591E-19,3.000775169250021E-14
759,3.801893963205517E7,5.525275293677069E-19,3.023098526897131E-14
760,3.890451449942709E7,5.222601528906511E-19,3.046901045778319E-14
761,3.9810717055348724E7,4.9375872729188295E-19,3.072211586528363E-14
762,4.0738027780410245E7,4.669137457988281E-19,3.0990585618069116E-14
763,4.168693834703249E7,4.416228086550357E-19,3.127470041626514E-14
764,4.265795188015818E7,4.177901607137208E-19,3.1574738561009783E-14
765,4.365158322401549E7,3.9532625614105394E-19,3.1890976960851665E-14
766,4.466835921509518E7,3.7414734920294144E-19,3.222369212294571E-14
767,4.570881896148634E7,3.5417511007388137E-19,3.2573161136150437E-14
768,4.677351412871863E7,3.353362645818096E-19,3.293966265410607E-14
769,4.786300923226262E7,3.175622567868251E-19,3.332347788720846E-14
770,4.897788193684337E7,3.007889332849055E-19,3.372489161334083E-14
771,5.011872336272596E7,2.8495624812909585E-19,3.4144193217774907E-14
772,5.128613839913518E7,2.700079872695995E-19,3.458167777254171E-14
773,5.2480746024975926E7,2.558915114289867E-19,3.503764716715546E-14
774,5.37031796370239E7,2.4255751635166206E-19,3.551241130070457E-14
775,5.495408738576105E7,2.2995980939178447E-19,3.6006289347403E-14
776,5.623413251903347E7,2.1805510143662453E-19,3.651961110577764E-14
777,5.7543993733714215E7,2.0680281319675268E-19,3.7052718441838974E-14
778,5.888436553555739E7,1.9616489493236325E-19,3.760596683629118E-14
779,6.025595860743423E7,1.8610565872566303E-19,3.817972704489177E-14
780,6.1659500186146624E7,1.765916224517751E-19,3.8774386879424404E-14
781,6.3095734448017694E7,1.6759136464266887E-19,3.939035311765407E-14
782,6.456542290346388E7,1.5907538948375271E-19,4.002805354717433E-14
783,6.606934480075789E7,1.5101600122534841E-19,4.068793914877023E-14
784,6.760829753919642E7,1.433871873353229E-19,4.1370486422601E-14
785,6.918309709189184E7,1.3616450976128984E-19,4.207619985996223E-14
786,7.079457843841194E7,1.293250037127052E-19,4.2805614561099385E-14
787,7.244359600749712E7,1.2284708341276305E-19,4.355929899946982E-14
788,7.413102413008982E7,1.1671045430877549E-19,4.433785793096689E-14
789,7.58577575029164E7,1.1089603126651587E-19,4.514193544521746E-14
790,7.762471166286714E7,1.0538586230854604E-19,4.597221815594587E-14
791,7.943282347242607E7,1.0016305748983258E-19,4.682943852536197E-14
792,8.12830516164078E7,9.521172253445986E-20,4.771437831816101E-14
793,8.317637711026493E7,9.051689688660587E-20,4.8627872178451906E-14
794,8.511380382023542E7,8.606449585548987E-20,4.9570811324129936E-14
795,8.709635899560577E7,8.184125655928317E-20,5.0544147351844797E-14
796,8.91250938133722E7,7.783468739594873E-20,5.154889614646877E-14
797,9.120108393558857E7,7.403302079045211E-20,5.258614188857249E-14
798,9.332543007969664E7,7.042516898743028E-20,5.365704115372947E-14
799,9.549925860214107E7,6.70006826763535E-20,5.476282709891849E-14
800,9.772372209557848E7,6.374971225304739E-20,5.590481373017292E-14
801,9.999999999999735E7,6.066297153633346E-20,5.708440024829152E-14
802,1.0232929922807269E8,5.773170377273506E-20,5.830307546877565E-14
803,1.0471285480508716E8,5.494764977477434E-20,5.956242231344803E-14
804,1.0715193052375779E8,5.230301805010299E-20,6.086412237280278E-14
805,1.0964781961431557E8,4.979045678944478E-20,6.220996053741507E-14
806,1.1220184543019333E8,4.740302759105959E-20,6.360182969948141E-14
807,1.148153621496852E8,4.5134180808531876E-20,6.504173552432261E-14
808,1.174897554939498E8,4.2977732416912107E-20,6.653180129365234E-14
809,1.2022644346173808E8,4.092784229986596E-20,6.807427282243659E-14
810,1.2302687708123487E8,3.897899386758214E-20,6.967152345076084E-14
811,1.2589254117941335E8,3.712597492154071E-20,7.132605911374087E-14
812,1.2882495516930993E8,3.536385968835129E-20,7.304052349142875E-14
813,1.3182567385563716E8,3.368799195032537E-20,7.481770324052072E-14
814,1.3489628825916174E8,3.2093969205509734E-20,7.666053331029133E-14
815,1.3803842646028477E8,3.057762779461966E-20,7.857210234467279E-14
816,1.4125375446227163E8,2.913502893657457E-20,8.055565817129967E-14
817,1.4454397707458887E8,2.7762445618237386E-20,8.261461337972671E-14
818,1.4791083881681675E8,2.645635028755892E-20,8.475255098899928E-14
819,1.5135612484361672E8,2.521340330251293E-20,8.697323020651246E-14
820,1.5488166189124393E8,2.4030442091155494E-20,8.928059227820776E-14
821,1.5848931924610704E8,2.2904470980747137E-20,9.167876643194261E-14
822,1.621810097358886E8,2.1832651656229128E-20,9.41720759145407E-14
823,1.6595869074375156E8,2.0812294210468725E-20,9.676504412433236E-14
824,1.6982436524616984E8,1.9840848750593468E-20,9.946240084015762E-14
825,1.7378008287493283E8,1.891589752645813E-20,1.0226908854907545E-13
826,1.7782794100388744E8,1.8035147548905882E-20,1.0519026887353607E-13
827,1.819700858609934E8,1.7196423666956444E-20,1.0823132909992615E-13
828,1.8620871366628167E8,1.639766207448098E-20,1.1139788880911839E-13
829,1.905460717963195E8,1.56369042183034E-20,1.1469580660869986E-13
830,1.949844599757992E8,1.491229108101593E-20,1.1813118696587601E-13
831,1.995262314968825E8,1.422205781315269E-20,1.2171038713794653E-13
832,2.0417379446694732E8,1.3564528690722276E-20,1.2544002419567198E-13
833,2.0892961308539823E8,1.2938112375480344E-20,1.2932698213086772E-13
834,2.1379620895021734E8,1.234129745669701E-20,1.333784190388021E-13
835,2.1877616239494926E8,1.1772648254569163E-20,1.3760177436026766E-13
836,2.238721138568278E8,1.1230800866808595E-20,1.420047761663632E-13
837,2.29086765276771E8,1.0714459441298662E-20,1.4659544846265224E-13
838,2.3442288153198576E8,1.022239265903946E-20,1.5138211848729967E-13
839,2.3988329190194246E8,9.75343041288508E-21,1.5637342397181405E-13
840,2.454708915684963E8,9.306460668796084E-21,1.6157832032764438E-13
841,2.5118864315095112E8,8.880426497475173E-21,1.6700608771851934E-13
842,2.570395782768793E8,8.474323265322737E-21,1.726663379720239E-13
843,2.6302679918953094E8,8.087195974630794E-21,1.7856902127936062E-13
844,2.6915348039268416E8,7.718136743824295E-21,1.847244326267175E-13
845,2.754228703338091E8,7.366282419363677E-21,1.91143217897529E-13
846,2.818382931264376E8,7.030812311640818E-21,1.9783637957806598E-13
847,2.8840315031265265E8,6.710946047837221E-21,2.048152819953618E-13
848,2.951209226666304E8,6.40594153527429E-21,2.120916560105421E-13
849,3.0199517204019326E8,6.11509302927955E-21,2.1967760308614875E-13
850,3.090295432513505E8,5.8377293000240554E-21,2.2758559864061533E-13
851,3.1622776601682913E8,5.57321189316493E-21,2.358284945991492E-13
852,3.2359365692961925E8,5.320933479459961E-21,2.444195210454551E-13
853,3.3113112148258185E8,5.0803162888143355E-21,2.5337228687423405E-13
854,3.3884415613919306E8,4.8508106244800816E-21,2.627007793407947E-13
855,3.467368504525219E8,4.63189345336201E-21,2.7241936240108285E-13
856,3.5481338923356545E8,4.4230670685949595E-21,2.8254277373096955E-13
857,3.630780547700911E8,4.223857820749619E-21,2.930861203129399E-13
858,3.7153522909716207E8,4.0338149142013855E-21,3.0406487247531553E-13
859,3.801893963205505E8,3.8525092653628186E-21,3.154948562691439E-13
860,3.8904514499426967E8,3.679532419634975E-21,3.273922440671169E-13
861,3.9810717055348605E8,3.514495524080682E-21,3.397735432710305E-13
862,4.073802778041013E8,3.3570283529625568E-21,3.5265558301593605E-13
863,4.168693834703237E8,3.2067783834228907E-21,3.6605549876485944E-13
864,4.2657951880158067E8,3.063409918711304E-21,3.799907146906905E-13
865,4.365158322401537E8,2.926603256489868E-21,3.944789237537081E-13
866,4.4668359215095055E8,2.796053899864668E-21,4.095380653882169E-13
867,4.5708818961486214E8,2.6714718089077535E-21,4.2518630072852757E-13
868,4.67735141287185E8,2.5525806905440375E-21,4.414419853143493E-13
869,4.786300923226248E8,2.4391173247841982E-21,4.583236392364234E-13
870,4.8977881936843234E8,2.3308309253868975E-21,4.758499147020927E-13
871,5.0118723362725806E8,2.227482533132086E-21,4.940395610214835E-13
872,5.1286138399135023E8,2.1288444399810615E-21,5.129113870442203E-13
873,5.2480746024975765E8,2.034699642489329E-21,5.324842211039605E-13
874,5.370317963702375E8,1.9448413229243273E-21,5.527768685599171E-13
875,5.495408738576089E8,1.8590723566223773E-21,5.738080670626469E-13
876,5.62341325190333E8,1.7772048441975443E-21,5.955964397075915E-13
877,5.754399373371404E8,1.6990596672897136E-21,6.181604462831977E-13
878,5.888436553555721E8,1.6244660666100922E-21,6.415183328663839E-13
879,6.025595860743405E8,1.5532612411096532E-21,6.656880800618873E-13
880,6.165950018614645E8,1.4852899671600124E-21,6.906873502360247E-13
881,6.309573444801751E8,1.4204042366966242E-21,7.165334341434205E-13
882,6.45654229034637E8,1.3584629133317075E-21,7.432431973984853E-13
883,6.606934480075771E8,1.2993314054983894E-21,7.708330272967549E-13
884,6.760829753919623E8,1.2428813557390179E-21,7.993187805431445E-13
885,6.918309709189166E8,1.188990345299007E-21,8.287157324949095E-13
886,7.079457843841175E8,1.1375416132334521E-21,8.590385285767215E-13
887,7.24435960074969E8,1.0884237892770048E-21,8.903011385696673E-13
888,7.41310241300896E8,1.0415306397683639E-21,9.22516814518447E-13
889,7.585775750291617E8,9.96760825959319E-22,9.556980530346144E-13
890,7.762471166286691E8,9.540176740746477E-22,9.898565628032778E-13
891,7.943282347242583E8,9.132089565234992E-22,1.025003238119429E-12
892,8.128305161640755E8,8.742466836953326E-22,1.0611481392932267E-12
893,8.317637711026466E8,8.370469058039607E-22,1.098300480759695E-12
894,8.511380382023516E8,8.015295242721484E-22,1.1364686277206602E-12
895,8.70963589956055E8,7.676181121763373E-22,1.1756601021201188E-12
896,8.912509381337192E8,7.352397432967676E-22,1.2158815987180308E-12
897,9.120108393558829E8,7.043248293424285E-22,1.257139011975773E-12
898,9.332543007969635E8,6.748069649431216E-22,1.2994374744006407E-12
899,9.549925860214077E8,6.466227800224455E-22,1.3427814069195858E-12
900,9.772372209557818E8,6.197117991858691E-22,1.3871745817558935E-12
901,1.0E9,5.940163077771982E-22,1.4326201981800675E-12
